Place,Title,Name,Type,Latitude,Longitude,Code,Enclosed_by,Date
[P0000],"Mesa, AZ, USA","Mesa, AZ, USA",Unknown,,,,,
[P0001],"Los Angeles, Torrance, California","Los Angeles, Torrance, California",Unknown,,,,,
[P0002],"Clarke, Iowa, United States","Clarke, Iowa, United States",Unknown,,,,,
[P0003],"La Crosse, Rush, Kansas, United States","La Crosse, Rush, Kansas, United States",Unknown,,,,,
[P0004],"Cody, Park, Wyoming","Cody, Park, Wyoming",Unknown,,,,,
[P0005],"Newtonia, Newton, Missouri","Newtonia, Newton, Missouri",Unknown,,,,,
[P0006],"Cody, WY, USA","Cody, WY, USA",Unknown,,,,,
[P0007],"Benton, Arkansas, United States","Benton, Arkansas, United States",Unknown,,,,,
[P0008],"Elkhart, Elkhart, Indiana, United States","Elkhart, Elkhart, Indiana, United States",Unknown,,,,,
[P0009],"Eastlake, Indiana, United States","Eastlake, Indiana, United States",Unknown,,,,,
[P0010],"Elkhart Ward 3, Elkhart, Indiana","Elkhart Ward 3, Elkhart, Indiana",Unknown,,,,,
[P0011],"Noble, Noble, Indiana, United States","Noble, Noble, Indiana, United States",Unknown,,,,,
[P0012],"Sunbury, Northumberland, Pennsylvania, United States","Sunbury, Northumberland, Pennsylvania, United States",Unknown,,,,,
[P0013],"Augusta, Northumberland, Pennsylvania, United States","Augusta, Northumberland, Pennsylvania, United States",Unknown,,,,,
[P0014],Indiana,Indiana,Unknown,,,,,
[P0015],"Los Angeles County, California, United States","Los Angeles County, California, United States",Unknown,,,,,
[P0016],"San Bernardino, California","San Bernardino, California",Unknown,,,,,
[P0017],"Perris, Riverside, California, United States","Perris, Riverside, California, United States",Unknown,,,,,
[P0018],"San Bernardino, San Bernardino, California, United States","San Bernardino, San Bernardino, California, United States",Unknown,,,,,
[P0019],"OK, USA","OK, USA",Unknown,,,,,
[P0020],"Borger, Hutchinson, Texas","Borger, Hutchinson, Texas",Unknown,,,,,
[P0021],"Newark, Wilson, Kansas","Newark, Wilson, Kansas",Unknown,,,,,
[P0022],"Dallas, TX, USA","Dallas, TX, USA",Unknown,,,,,
[P0023],"Hendricks, Chautauqua, Kansas","Hendricks, Chautauqua, Kansas",Unknown,,,,,
[P0024],Kansas,Kansas,Unknown,,,,,
[P0025],"Las Vegas, Clark, Nevada, United States","Las Vegas, Clark, Nevada, United States",Unknown,,,,,
[P0026],"West Virginia, United States","West Virginia, United States",Unknown,,,,,
[P0027],United States,United States,Unknown,,,,,
[P0028],"Rocky Ford, Kanawha, Virginia, United States","Rocky Ford, Kanawha, Virginia, United States",Unknown,,,,,
[P0029],"Colville, Benton, Arkansas","Colville, Benton, Arkansas",Unknown,,,,,
[P0030],"Grass Valley, CA, USA","Grass Valley, CA, USA",Unknown,,,,,
[P0031],"Tennessee, United States","Tennessee, United States",Unknown,,,,,
[P0032],"Oakland, Alameda, California, United States","Oakland, Alameda, California, United States",Unknown,,,,,
[P0033],"Reno, Washoe, Nevada, United States","Reno, Washoe, Nevada, United States",Unknown,,,,,
[P0034],"North Carolina, United States","North Carolina, United States",Unknown,,,,,
[P0035],"Summit, Ohio, United States","Summit, Ohio, United States",Unknown,,,,,
[P0036],"Cody, Park, Wyoming, United States","Cody, Park, Wyoming, United States",Unknown,,,,,
[P0037],"Colville, Benton, Arkansas, United States","Colville, Benton, Arkansas, United States",Unknown,,,,,
[P0038],"Guernsey, Ohio, United States","Guernsey, Ohio, United States",Unknown,,,,,
[P0039],"IN, USA","IN, USA",Unknown,,,,,
[P0040],"Los Angeles, Los Angeles, California, United States","Los Angeles, Los Angeles, California, United States",Unknown,,,,,
[P0041],"Concord, Elkhart, Indiana","Concord, Elkhart, Indiana",Unknown,,,,,
[P0042],"Anderson, Perry, Indiana, United States","Anderson, Perry, Indiana, United States",Unknown,,,,,
[P0043],"New Jersey, United States","New Jersey, United States",Unknown,,,,,
[P0044],"York, Noble, Indiana, United States","York, Noble, Indiana, United States",Unknown,,,,,
[P0045],"Wheeling, Guernsey, Ohio","Wheeling, Guernsey, Ohio",Unknown,,,,,
[P0046],"Wolf Lake, Indiana, United States","Wolf Lake, Indiana, United States",Unknown,,,,,
[P0047],"Buffalo Valley, Northumberland, Pennsylvania, United States","Buffalo Valley, Northumberland, Pennsylvania, United States",Unknown,,,,,
[P0048],"Green, Noble, Indiana","Green, Noble, Indiana",Unknown,,,,,
[P0049],"Wolf Lake, Indiana","Wolf Lake, Indiana",Unknown,,,,,
[P0050],"Wolf Lake, Indiana, USA","Wolf Lake, Indiana, USA",Unknown,,,,,
[P0051],"Wolf Lake, Noble, Indiana, United States","Wolf Lake, Noble, Indiana, United States",Unknown,,,,,
[P0052],"Northumberland, Northumberland, Pennsylvania, United States","Northumberland, Northumberland, Pennsylvania, United States",Unknown,,,,,
[P0053],"TN, USA","TN, USA",Unknown,,,,,
[P0054],"Sugar Creek, Benton, Arkansas","Sugar Creek, Benton, Arkansas",Unknown,,,,,
[P0055],"Arkansas City, Arkansas, Arkansas, United States","Arkansas City, Arkansas, Arkansas, United States",Unknown,,,,,
[P0056],"California, United States","California, United States",Unknown,,,,,
[P0057],"Iowa City, Wright, Iowa, United States","Iowa City, Wright, Iowa, United States",Unknown,,,,,
[P0058],"Yates, Orleans, New York, United States","Yates, Orleans, New York, United States",Unknown,,,,,
[P0059],"Lewis, West Virginia, United States","Lewis, West Virginia, United States",Unknown,,,,,
[P0060],"Kanawha City, Kanawha, West Virginia, United States","Kanawha City, Kanawha, West Virginia, United States",Unknown,,,,,
[P0061],"Bedford, Bedford, Virginia, United States","Bedford, Bedford, Virginia, United States",Unknown,,,,,
[P0062],"Indiana, United States","Indiana, United States",Unknown,,,,,
[P0063],"Sparta, Sussex, New Jersey, United States","Sparta, Sussex, New Jersey, United States",Unknown,,,,,
[P0064],Oregon,Oregon,Unknown,,,,,
[P0065],"Torrance, Los Angeles, California, United States of America","Torrance, Los Angeles, California, United States of America",Unknown,,,,,
[P0066],"Bentonville, Benton, Arkansas, United States","Bentonville, Benton, Arkansas, United States",Unknown,,,,,
[P0067],"York, Noble, Indiana","York, Noble, Indiana",Unknown,,,,,
[P0068],"Columbia City, Whitley, Indiana, United States","Columbia City, Whitley, Indiana, United States",Unknown,,,,,
[P0069],"Albion, Noble, Indiana, United States","Albion, Noble, Indiana, United States",Unknown,,,,,
[P0070],"Virginia, United States","Virginia, United States",Unknown,,,,,
[P0071],"Kanawha, Virginia, United States","Kanawha, Virginia, United States",Unknown,,,,,
[P0072],"San Francisco, California","San Francisco, California",Unknown,,,,,
[P0073],"Arequipa, Arequipa, Peru","Arequipa, Arequipa, Peru",Unknown,,,,,
[P0074],Peru,Peru,Unknown,,,,,
[P0075],"Callao, Peru","Callao, Peru",Unknown,,,,,
[P0076],", , Ohio, USA",", , Ohio, USA",Unknown,,,,,
[P0077],"Ft Hamilton, Butler, Ohio, United States","Ft Hamilton, Butler, Ohio, United States",Unknown,,,,,
[P0078],"Memphis, Shelby, Tennessee, United States","Memphis, Shelby, Tennessee, United States",Unknown,,,,,
[P0079],"Newton, Missouri, United States","Newton, Missouri, United States",Unknown,,,,,
[P0080],"Los Angeles, California","Los Angeles, California",Unknown,,,,,
[P0081],"Sandy, Tuscarawas, Ohio, United States","Sandy, Tuscarawas, Ohio, United States",Unknown,,,,,
[P0082],"Norton, Summit, Ohio, United States","Norton, Summit, Ohio, United States",Unknown,,,,,
[P0083],"Kansas City, Wyandotte, Kansas, United States","Kansas City, Wyandotte, Kansas, United States",Unknown,,,,,
[P0084],"Denver, Colorado, United States","Denver, Colorado, United States",Unknown,,,,,
[P0085],"St Louis Ward 28, St Louis (Independent City), Missouri","St Louis Ward 28, St Louis (Independent City), Missouri",Unknown,,,,,
[P0086],Missouri,Missouri,Unknown,,,,,
[P0087],"Dunlewy, 5300, Ireland","Dunlewy, 5300, Ireland",Unknown,,,,,
[P0088],"Saint Louis, Saint Louis, Missouri, United States","Saint Louis, Saint Louis, Missouri, United States",Unknown,,,,,
[P0089],"Washington, Daviess, Indiana, United States","Washington, Daviess, Indiana, United States",Unknown,,,,,
[P0090],"Fort Wayne, Allen, Indiana, United States","Fort Wayne, Allen, Indiana, United States",Unknown,,,,,
[P0091],"Green, Noble, Indiana, United States","Green, Noble, Indiana, United States",Unknown,,,,,
[P0092],"Berks, Pennsylvania, United States","Berks, Pennsylvania, United States",Unknown,,,,,
[P0093],"Denver, Adams, Colorado, United States","Denver, Adams, Colorado, United States",Unknown,,,,,
[P0094],"Charleston, Kanawha, West Virginia, United States","Charleston, Kanawha, West Virginia, United States",Unknown,,,,,
[P0095],"Charleston, Kanawha, Virginia","Charleston, Kanawha, Virginia",Unknown,,,,,
[P0096],"Madison, Clarke, Iowa, United States","Madison, Clarke, Iowa, United States",Unknown,,,,,
[P0097],"Missouri, United States","Missouri, United States",Unknown,,,,,
[P0098],"St Louis, St Louis, Missouri, United States","St Louis, St Louis, Missouri, United States",Unknown,,,,,
[P0099],"Walpack, Sussex, New Jersey, United States","Walpack, Sussex, New Jersey, United States",Unknown,,,,,
[P0100],"Scottsdale, Maricopa, Arizona, United States","Scottsdale, Maricopa, Arizona, United States",Unknown,,,,,
[P0101],"Richmond, Contra Costa, California","Richmond, Contra Costa, California",Unknown,,,,,
[P0102],"NC, USA","NC, USA",Unknown,,,,,
[P0103],"Osage, Benton, Arkansas, United States","Osage, Benton, Arkansas, United States",Unknown,,,,,
[P0104],"Santa Paula, Ventura, California, United States","Santa Paula, Ventura, California, United States",Unknown,,,,,
[P0105],"Sugar Creek, Benton, Arkansas, United States","Sugar Creek, Benton, Arkansas, United States",Unknown,,,,,
[P0106],"Ohio, United States","Ohio, United States",Unknown,,,,,
[P0107],"Kendallville, Noble, Indiana, United States","Kendallville, Noble, Indiana, United States",Unknown,,,,,
[P0108],"Arkansas, United States","Arkansas, United States",Unknown,,,,,
[P0109],"Elkhart, IN, USA","Elkhart, IN, USA",Unknown,,,,,
[P0110],"San Antonio, Los Angeles, California","San Antonio, Los Angeles, California",Unknown,,,,,
[P0111],"Redondo Beach, CA, USA","Redondo Beach, CA, USA",Unknown,,,,,
[P0112],"OK (Indian Territory), USA","OK (Indian Territory), USA",Unknown,,,,,
[P0113],"Hunington Park, Los Angeles, California, United States","Hunington Park, Los Angeles, California, United States",Unknown,,,,,
[P0114],"Oklahoma City, Oklahoma, Oklahoma, United States","Oklahoma City, Oklahoma, Oklahoma, United States",Unknown,,,,,
[P0115],", , , Ireland",", , , Ireland",Unknown,,,,,
[P0116],"Pea Ridge, Benton, Arkansas, United States","Pea Ridge, Benton, Arkansas, United States",Unknown,,,,,
[P0117],"Redondo Beach, Los Angeles, California, United States of America","Redondo Beach, Los Angeles, California, United States of America",Unknown,,,,,
[P0118],"Redondo Beach, Los Angeles, California, United States","Redondo Beach, Los Angeles, California, United States",Unknown,,,,,
[P0119],"Tahoe City, California, USA","Tahoe City, California, USA",Unknown,,,,,
[P0120],"AR, USA","AR, USA",Unknown,,,,,
[P0121],"Ligonier, Noble, Indiana, United States","Ligonier, Noble, Indiana, United States",Unknown,,,,,
[P0122],"Mecklenburg, Virginia, United States","Mecklenburg, Virginia, United States",Unknown,,,,,
[P0123],"Chatham, North Carolina, United States","Chatham, North Carolina, United States",Unknown,,,,,
[P0124],"Womelsdorf, Berks, Pennsylvania, United States","Womelsdorf, Berks, Pennsylvania, United States",Unknown,,,,,
[P0125],"Oregon, United States","Oregon, United States",Unknown,,,,,
[P0126],"Oklahoma City, Canadian, Oklahoma, United States","Oklahoma City, Canadian, Oklahoma, United States",Unknown,,,,,
[P0127],"Lycoming, Lycoming, Pennsylvania, United States","Lycoming, Lycoming, Pennsylvania, United States",Unknown,,,,,
[P0128],"Pleasant Lake, Noble, Indiana, United States","Pleasant Lake, Noble, Indiana, United States",Unknown,,,,,
[P0129],Tennessee,Tennessee,Unknown,,,,,
[P0130],"Washington, Arkansas, United States","Washington, Arkansas, United States",Unknown,,,,,
[P0131],"Tylers Creek, Kanawha, Virginia, United States","Tylers Creek, Kanawha, Virginia, United States",Unknown,,,,,
[P0132],"Cury, Cornwall, England","Cury, Cornwall, England",Unknown,,,,,
[P0133],"Cody, Big Horn, Wyoming, United States","Cody, Big Horn, Wyoming, United States",Unknown,,,,,
[P0134],"Bakersfield, Kern, California, United States","Bakersfield, Kern, California, United States",Unknown,,,,,
[P0135],"Contra Costa, California","Contra Costa, California",Unknown,,,,,
[P0136],"Scottsdale, AZ","Scottsdale, AZ",Unknown,,,,,
[P0137],"Scottsdale, AZ, USA","Scottsdale, AZ, USA",Unknown,,,,,
[P0138],"County East, VA, USA","County East, VA, USA",Unknown,,,,,
[P0139],"Lacrosse, Rush, Kansas, United States","Lacrosse, Rush, Kansas, United States",Unknown,,,,,
[P0140],"Spring City, Berks, Pennsylvania, United States","Spring City, Berks, Pennsylvania, United States",Unknown,,,,,
[P0141],"Hialeah, Florida, USA","Hialeah, Florida, USA",Unknown,,,,,
[P0142],"Kanawha, Virginia","Kanawha, Virginia",Unknown,,,,,
[P0143],"Kern, California, United States","Kern, California, United States",Unknown,,,,,
[P0144],Arkansas,Arkansas,Unknown,,,,,
[P0145],"Avilla, Noble, Indiana, United States","Avilla, Noble, Indiana, United States",Unknown,,,,,
[P0146],"Highland, San Bernardino, California, United States","Highland, San Bernardino, California, United States",Unknown,,,,,
[P0147],Michigan,Michigan,Unknown,,,,,
[P0148],"Glen Rose, Somervell, Texas, United States","Glen Rose, Somervell, Texas, United States",Unknown,,,,,
[P0149],"Los Angles, California, United States","Los Angles, California, United States",Unknown,,,,,
[P0150],"Los Angeles, CA, USA","Los Angeles, CA, USA",Unknown,,,,,
[P0151],"Harris, Texas, United States","Harris, Texas, United States",Unknown,,,,,
[P0152],"Lower Augusta, Northumberland, Pennsylvania, United States","Lower Augusta, Northumberland, Pennsylvania, United States",Unknown,,,,,
[P0153],"Mecklenburg, VA, USA","Mecklenburg, VA, USA",Unknown,,,,,
[P0154],"Elkhart, Elkhart, Indiana","Elkhart, Elkhart, Indiana",Unknown,,,,,
[P0155],"Lancaster, Berks, Pennsylvania, United States","Lancaster, Berks, Pennsylvania, United States",Unknown,,,,,
[P0156],"Sussex, Sussex, New Jersey, United States","Sussex, Sussex, New Jersey, United States",Unknown,,,,,
[P0157],"Roseville, CA, U.S.","Roseville, CA, U.S.",Unknown,,,,,
[P0158],"Hialeah, Dade, Florida, United States","Hialeah, Dade, Florida, United States",Unknown,,,,,
[P0159],"Lake Elsinore, Riverside, California, United States","Lake Elsinore, Riverside, California, United States",Unknown,,,,,
[P0160],"CA, USA","CA, USA",Unknown,,,,,
[P0161],"Benton County, AR, USA","Benton County, AR, USA",Unknown,,,,,
[P0162],"Caldwell, Missouri, United States","Caldwell, Missouri, United States",Unknown,,,,,
[P0163],"of, Tennessee, United States","of, Tennessee, United States",Unknown,,,,,

Person,Surname,Given,Call,Suffix,Prefix,Title,Gender,Birth date,Birth place,Birth source,Baptism date,Baptism place,Baptism source,Death date,Death place,Death source,Burial date,Burial place,Burial source,Note
[P556802714],,,,,,,unknown,,,,,,,,,,,,,
[P556802713],,,,,,,unknown,,,,,,,,,,,,,
[P557087999],,Mick,,,,,male,,,,,,,,,,,,,
[P557090055],,Roger,,,,,male,,,,,,,,,,,,,
[P556802660],Adams,Albert,,,,,male,1929-10-11,"Contra Costa, California",,,,,,,,,,,
[P556802656],Adams,Cynthia,,,,,female,1957-04-26,"Roseville, CA, U.S.",,,,,,,,,,,
[P556802711],Adams,James,,,,,male,,,,,,,,,,,,,
[P556802694],Adams,Sandy,,,,,female,1959-02-22,,,,,,,,,,,,
[P566693267],Adams,Shirley Rose,,,,,female,29 March 1934,"Oakland, Alameda, California, United States","California Birth Index, 1905-1995",,,,12 June 2006,"Reno, Washoe, Nevada, United States",,,,,
[P556802695],Adams,Susan,,,,,female,1955-05-23,,,,,,,,,,,,
[P556802712],Adams,William,,,,,male,about 1928,,1930 United States Federal Census,,,,,,,,,,
[P556802668],Adams,William Clarence,,,,,male,about 1898,Michigan,1930 United States Federal Census,,,,,,,,,,
[P564825944],Bowen,Abijah,,,,,male,1823,"Augusta, Northumberland, Pennsylvania, United States",,,,,,,,,,,
[P564825950],Bowen,Catherine Ann,,,,,female,1826-07-13,"Lower Augusta, Northumberland, Pennsylvania, United States",,,,,,,,,,,
[P564592382],Bowen,Harriet Tucker,,,,,female,1813-05-18,"Sunbury, Northumberland, Pennsylvania, United States",1880 United States Federal Census,,,,1895-03-10,"Albion, Noble, Indiana, United States",,,,,
[P564825946],Bowen,Jonathan,,,,,male,1825,"Northumberland, Northumberland, Pennsylvania, United States",,,,,1879-01-30,"Northumberland, Northumberland, Pennsylvania, United States",,,,,
[P564763053],Bowen,Jonathan,,,,,male,1785,"Womelsdorf, Berks, Pennsylvania, United States",,,,,1841-10-20,"Augusta, Northumberland, Pennsylvania, United States",,,,,
[P564825933],Bowen,Lousia,,,,,female,1817,"Northumberland, Northumberland, Pennsylvania, United States",,,,,,,,,,,
[P564825960],Bowen,Owen,,,,,male,1828,"Northumberland, Northumberland, Pennsylvania, United States",,,,,1876,"Northumberland, Northumberland, Pennsylvania, United States",,,,,
[P564825941],Bowen,Susan,,,,,female,1818-10-15,"Northumberland, Northumberland, Pennsylvania, United States",,,,,1849-01-02,"Northumberland, Northumberland, Pennsylvania, United States",,,,,
[P564825918],Bowen,William E,,,,,male,1810-02-07,"Berks, Pennsylvania, United States",,,,,1881-05-05,"Green, Noble, Indiana, United States",,,,,
[P564402422],Brown,Charlotte,,,,,female,1795,"Virginia, United States",,,,,1851-08-03,"Kanawha, Virginia, United States",,,,,
[P564102622],CAVENESS,Amanda E,,,,,female,1839,"Benton, Arkansas, United States",,,,,,,,,,,
[P564102631],CAVENESS,Joel J,,,,,male,1849-07-22,"Pea Ridge, Benton, Arkansas, United States",,,,,1927-01-02,"Bentonville, Benton, Arkansas, United States",,,,,
[P564102618],CAVENESS,Minerva,,,,,female,1835,"Benton, Arkansas, United States",,,,,,,,,,,
[P564102625],CAVENESS,Rachel,,,,,female,1841,"Benton, Arkansas, United States",,,,,,,,,,,
[P556802677],Caveness,Ora Rose Charlotta,,,,,female,1872-11-05,"Benton, Arkansas, United States",,,,,1910-12-17,"Cody, Park, Wyoming, United States",,,,,
[P556802687],Caveness,Rebecca,,,,,female,about 1807,"TN, USA",,,,,1866-01-15,"Benton, Arkansas, United States",,,,,
[P556802690],Caviness,Ann,,,,,female,,,,,,,,,,,,,
[P564102627],Caviness,Matthew,,,,,male,1845,"Benton, Arkansas, United States",,,,,1903-11-01,"Benton, Arkansas, United States",,,,,
[P556802691],Caviness,Matthew,,,,,male,,,,,,,,,,,,,
[P556802684],Cavness,Benjamin F. William,,,,,male,1842-07-18,"AR, USA",,,,,1926-04-09,"Benton, Arkansas, United States",,,,,
[P564090386],Cavness,Henrietta,,,,,female,1867-09-25,"Benton, Arkansas, United States",,,,,1933-11-12,"Benton, Arkansas, United States",,,,,
[P556802688],Cavness,Matthew M,,,,,male,about 1815,"NC, USA",,,,,1931-01-02,"Santa Paula, Ventura, California, United States",,,,,
[P564090388],Cavness,Noah Lee Murray,,,,,male,1879-10-09,"Benton, Arkansas, United States",,,,,1957-02-08,"Los Angeles, Los Angeles, California, United States",,,,,
[P556802689],Cavness,Robert,,,,,male,about 1784,"Mecklenburg, VA, USA",,,,,1830,"Chatham, North Carolina, United States",,,,,
[P556802663],Claborne,Opal,,,,,female,1895-10-13,"OK, USA",,,,,1977-01-05,"Dallas, TX, USA",,,,,
[P557044696],Clauss,Mackenzie,,,,,female,1999-12-00,"Tahoe City, California, USA",,,,,,,,,,,
[P557043387],Clauss,Michael,,,,,male,1959-02-24,,,,,,,,,,,,
[P557044147],Clauss,Michaela,,,,,female,1994-03-06,"Tahoe City, California, USA",,,,,,,,,,,
[P557593764],Dougherty,Theresa,,,,,female,,,,,,,,,,,,,
[P556802686],Edwards,Sarah E,,,,,female,1849-12-23,"County East, VA, USA",,,,,1879-10-04,"Lacrosse, Rush, Kansas, United States","U.S. Federal Census Mortality Schedules, 1850-1880",,,,
[P564831108],Ermentraudt,Christopher,,,,,male,1754-01-08,"Lancaster, Berks, Pennsylvania, United States",,,,,1825-04-05,"Berks, Pennsylvania, United States",,,,,
[P564763061],Ermentrout,Catherine,,,,,female,1782-03-01,"Berks, Pennsylvania, United States",,,,,1877-01-04,"Northumberland, Northumberland, Pennsylvania, United States",,,,,
[P566616192],Espinoza,,,,,,female,,,,,,,,,,,,,
[P564909857],Fuller,AUDRUS C,,,,,female,1865-03-18,"Indiana, United States",,,,,1885-03-21,,,,,,
[P564208023],Fuller,Cynthia Ann,,,,,female,1844-07-16,"Ohio, United States",1880 United States Federal Census,,,,1913-11-03,"Kendallville, Noble, Indiana, United States","Indiana Deaths, 1882-1920",,,,
[P564909864],Fuller,Daniel J,,,,,male,1865-09-06,"Guernsey, Ohio, United States",,,,,1942,"Noble, Noble, Indiana, United States",,,,,
[P564909873],Fuller,Frances E,,,,,female,1872-11-11,"Wolf Lake, Indiana, United States",,,,,1932-06-09,"Ligonier, Noble, Indiana, United States",,,,,
[P564909832],Fuller,George Washington,,,,,male,1863-01-01,,,,,,1930-01-14,,,,,,
[P564909814],Fuller,Hanah Jane,,,,,female,1850-04-28,"Guernsey, Ohio, United States",,,,,1879-10-25,,,,,,
[P564909771],Fuller,Jacob,,,,,male,1791-05-29,"Walpack, Sussex, New Jersey, United States",,,,,1856,"Guernsey, Ohio, United States",,,,,
[P564909811],Fuller,Jacob F,,,,,male,1849-12-12,"Guernsey, Ohio, United States",,,,,1851-03-20,"Sparta, Sussex, New Jersey, United States",,,,,
[P564909821],Fuller,John Franklin,,,,,male,1856-04-04,"Guernsey, Ohio, United States",,,,,1856-04-10,"Indiana, United States",,,,,
[P564909839],Fuller,PETER J,,,,,male,1864-09-06,"Indiana, United States",,,,,,,,,,,
[P564666066],Fuller,Peter,,,,,male,1820-10-19,"New Jersey, United States",1850 United States Federal Census,,,,1885-06-13,"Wolf Lake, Indiana, United States",,,,,
[P564909868],Fuller,Richard L,,,,,male,1869-01-08,"Guernsey, Ohio, United States",,,,,1924-05-01,,,,,,
[P564909819],Fuller,Robert,,,,,male,1854,"Guernsey, Ohio, United States",,,,,,,,,,,
[P564909870],Fuller,Robert N,,,,,male,1870-08-00,,,,,,1870-08-00,"Sparta, Sussex, New Jersey, United States",,,,,
[P564909824],Fuller,Sarah Jo,,,,,female,1860-05-27,"Guernsey, Ohio, United States",,,,,1920,"Noble, Noble, Indiana, United States",,,,,
[P564909806],Fuller,William J,,,,,male,1847-06-14,"Guernsey, Ohio, United States",,,,,,,,,,,
[P564743005],Halls,John,,,,,male,1780,,,,,,1831-01-00,"Cury, Cornwall, England",,,,,
[P557053796],Henderson,Justus W.,,,,,male,1922-08-11,Oregon,"U.S. World War II Army Enlistment Records, 1938-1946",,,,1986-01-01,"Torrance, Los Angeles, California, United States of America","California Death Index, 1940-1997",,,,
[P566774066],Henderson,Kathryn,,,,,female,,,,,,,,,,,,,
[P566774445],Henderson,Stewart,,,,,male,,,,,,,,,,,,,
[P564690257],Hile,Abigah,,,,,male,1858-03-13,"Noble, Noble, Indiana, United States",1880 United States Federal Census,,,,1929-03-02,"Noble, Noble, Indiana, United States",,,,,
[P564592410],Hile,Almeda,,,,,female,1872-12-16,"York, Noble, Indiana, United States",,,,,1889-10-05,,,,,,
[P564209666],Hile,Almedia,,,,,female,about 1871,Indiana,1880 United States Federal Census,,,,1911-05-11,,,,,,
[P564743065],Hile,Ann Elizabeth,,,,,female,1846-03-18,"Summit, Ohio, United States",,,,,1908-03-26,"Yates, Orleans, New York, United States",,,,,
[P564592426],Hile,Daughter,,,,,female,1883-10-27,,,,,,,,,,,,
[P564209661],Hile,Emanuel Fulmer,,,,,unknown,1869-06-23,"York, Noble, Indiana, United States",1880 United States Federal Census,,,,1945-10-07,"Albion, Noble, Indiana, United States",,,,,
[P564208020],Hile,Ezekiel Fulmer,,,,,male,1838-05-26,"Sunbury, Northumberland, Pennsylvania, United States",1880 United States Federal Census,,,,1908-04-03,"Albion, Noble, Indiana, United States",,,,,
[P564592404],Hile,Franklin K,,,,,male,1867-03-15,"Noble, Noble, Indiana, United States",,,,,1868-09-16,"Noble, Noble, Indiana, United States",,,,,
[P564592438],Hile,Hiram,,,,,male,1886-04-27,"Noble, Noble, Indiana, United States",,,,,1886-10-27,"Noble, Noble, Indiana, United States",,,,,
[P564743068],Hile,Hiram Jones,,,,,male,1847-10-27,"Summit, Ohio, United States",,,,,1863-04-08,"Noble, Noble, Indiana, United States",,,,,
[P564743051],Hile,Isaiah Bacon,,,,,male,1841-06-23,"Norton, Summit, Ohio, United States",,,,,1865-12-26,"Noble, Noble, Indiana, United States",,,,,
[P564743056],Hile,Jacob Kramer,,,,,male,1844-10-04,"Summit, Ohio, United States",,,,,1905-04-24,"Noble, Noble, Indiana, United States",,,,,
[P564743030],Hile,Jeremiah Bowen,,,,,male,1835-07-25,"Sunbury, Northumberland, Pennsylvania, United States",,,,,1912-12-01,"Albion, Noble, Indiana, United States",,,,,
[P564592379],Hile,Joseph Raver,,,,,male,1810-07-15,"Buffalo Valley, Northumberland, Pennsylvania, United States",1850 United States Federal Census,,,,1881-08-31,"Wolf Lake, Noble, Indiana, United States",,,,,
[P564743053],Hile,Joseph Raver,,,,,male,1843-03-05,"Norton, Summit, Ohio, United States",,,,,1871-05-12,"Noble, Noble, Indiana, United States",,,,,
[P564209658],Hile,Joseph T.,,,,,male,1864-03-11,"Albion, Noble, Indiana, United States",1880 United States Federal Census,,,,1941-08-11,"Albion, Noble, Indiana, United States",,,,,
[P564743090],Hile,Julian Harkins,,,,,female,1856-09-29,"Pleasant Lake, Noble, Indiana, United States",,,,,1867-08-18,"Noble, Noble, Indiana, United States",,,,,
[P564743094],Hile,Julian Harkins,,,,,male,1856-09-29,"Noble, Noble, Indiana, United States",,,,,1867-08-18,"Noble, Noble, Indiana, United States",,,,,
[P564592416],Hile,Lilly Day,,,,,female,1876-12-13,"Noble, Noble, Indiana, United States",,,,,1877-07-22,"Noble, Noble, Indiana, United States",,,,,
[P564743083],Hile,Lucius Henry,,,,,male,1854-03-11,"York, Noble, Indiana, United States",,,,,1918-10-24,"Wolf Lake, Noble, Indiana, United States",,,,,
[P564743062],Hile,Martin VanBuren,,,,,male,1846-03-18,"Summit, Ohio, United States",,,,,1856-04-07,"Noble, Noble, Indiana, United States",,,,,
[P564743033],Hile,Mary Catherine,,,,,female,1836-10-13,"Sunbury, Northumberland, Pennsylvania, United States",,,,,1914-11-02,"Noble, Noble, Indiana, United States",,,,,
[P564209668],Hile,Nancy,,,,,female,about 1878,Indiana,1880 United States Federal Census,,,,,,,,,,
[P564743077],Hile,Oliver McWilliams,,,,,male,1852-01-26,"Green, Noble, Indiana, United States",,,,,1868-09-12,"Noble, Noble, Indiana, United States",,,,,
[P564743049],Hile,Susan Bowen,,,,,female,1839-10-06,"Norton, Summit, Ohio, United States",,,,,1925-12-07,"Noble, Noble, Indiana, United States",,,,,
[P564592392],Hile,Therlo,,,,,male,1862-12-24,,,,,,1863-01-10,,,,,,
[P564551325],Hile,Thurlow Cleveland,,,,,male,1884-09-20,"Wolf Lake, Noble, Indiana, United States",1900 United States Federal Census,,,,1945-09-06,"Columbia City, Whitley, Indiana, United States",,,,,
[P557684257],Hile,Viola,,,,,female,1874-05-06,"York, Noble, Indiana, United States",1900 United States Federal Census,,,,1947-11-22,"Elkhart, Elkhart, Indiana, United States",,,,,
[P564743074],Hile,William Bowen,,,,,male,1850-04-07,"Green, Noble, Indiana, United States",,,,,1926-11-11,"Avilla, Noble, Indiana, United States",,,,,
[P556802685],Howell,Aldrovan Brown,,,,,male,1849-03-02,"Charleston, Kanawha, West Virginia, United States",,,,,1910-02-10,"Denver, Adams, Colorado, United States",,,,,
[P564384099],Howell,Anna R,,,,,female,1854-03-22,"Kanawha, Virginia, United States",,,,,1916-02-04,"Oklahoma City, Canadian, Oklahoma, United States",,,,,
[P556802678],Howell,Auburn Columbus,,,,,male,1870-10-14,"Clarke, Iowa, United States",,,,,1912-09-16,"Cody, WY, USA",,,,,
[P564384095],Howell,Auburn Henry,,,,,male,1852,"Kanawha, Virginia, United States",,,,,1935-07-27,,,,,,
[P564034488],Howell,Benny Themon,,,,,male,1900-09-14,"Newton, Missouri, United States",1910 United States Federal Census,,,,1988-04-17,"Memphis, Shelby, Tennessee, United States",,,,,
[P564060443],Howell,Chester Ora,,,,,male,1910-12-10,"Cody, Big Horn, Wyoming, United States",,,,,1934-04-25,"Los Angeles, Los Angeles, California, United States",,,,,
[P556802665],Howell,Clelis Bernice,,,,,female,1906-03-25,"Cody, WY, USA",,,,,2000-08-02,"Grass Valley, CA, USA",,,,,
[P564347891],Howell,Curtis D,,,,,male,1884-12-20,"Kansas City, Wyandotte, Kansas, United States",,,,,1969-10-00,"Cody, Park, Wyoming, United States",,,,,
[P564384089],Howell,Damascus Desoto,,,,,male,1846-12-21,"Charleston, Kanawha, West Virginia, United States",,,,,1873-03-25,"Clarke, Iowa, United States",,,,,
[P564056714],Howell,George,,,,,male,about 1877,"Iowa City, Wright, Iowa, United States",1880 United States Federal Census,,,,,,,,,,
[P564056713],Howell,James William,,,,,male,1874-04-02,"Iowa City, Wright, Iowa, United States",1880 United States Federal Census,,,,1952-05-17,"Glen Rose, Somervell, Texas, United States",,,,,
[P564384078],Howell,Jonathon,,,,,male,1800,"Lewis, West Virginia, United States",,,,,,United States,,,,,
[P564034490],Howell,Lee Noah,,,,,male,1903-11-24,"Cody, Big Horn, Wyoming, United States",1910 United States Federal Census,,,,1962-07-31,"Bakersfield, Kern, California, United States",,,,,
[P564384111],Howell,Mary Francis,,,,,female,1858-10-22,"Rocky Ford, Kanawha, Virginia, United States",,,,,,,,,,,
[P564056711],Howell,Rosa,,,,,female,about 1873,"Iowa City, Wright, Iowa, United States",1880 United States Federal Census,,,,,,,,,,
[P564034486],Howell,Rose Etta,,,,,female,1899-07-29,"Newton, Missouri, United States",1910 United States Federal Census,,,,1993-01-12,,,,,,
[P564347889],Howell,Ross Van,,,,,male,1882-02-19,,,,,,1918-11-08,,,,,,
[P564034485],Howell,Serena Aldie,,,,,female,about 1898,Arkansas,1910 United States Federal Census,,,,1982-08-17,"Kern, California, United States",,,,,
[P564384108],Howell,Sylvester,,,,,male,1857,"Kanawha, Virginia, United States",,,,,1862-08-26,,,,,,
[P564056717],Howell,Troy,,,,,male,about 1879,"Kansas City, Wyandotte, Kansas, United States",1880 United States Federal Census,,,,1939-01-18,"Denver, Colorado, United States",,,,,
[P564384101],Howell,William A,,,,,male,1856-08-10,"Tylers Creek, Kanawha, Virginia, United States",,,,,,,,,,,
[P564347862],Howell,William A,,,,,male,1823-01-24,"Kanawha City, Kanawha, West Virginia, United States",1870 United States Federal Census,,,,1873-03-25,"Clarke, Iowa, United States",,,,,
[P564422202],Hubbard,Elvira,,,,,female,1829-07-21,"Tennessee, United States",,,,,1919-01-11,"Spring City, Berks, Pennsylvania, United States",,,,,
[P564422216],Hubbard,James W,,,,,male,1842,"Arkansas City, Arkansas, Arkansas, United States",,,,,1866,"California, United States",,,,,
[P564422197],Hubbard,Jane S,,,,,female,1826,"North Carolina, United States",,,,,1883,"Benton, Arkansas, United States",,,,,
[P564422210],Hubbard,Manerva,,,,,female,1836,"Arkansas, United States",,,,,1898,,,,,,
[P564422206],Hubbard,Martha A,,,,,female,1832,"Benton, Arkansas, United States",,,,,1892,,,,,,
[P564422221],Hubbard,Rebecca,,,,,female,1844,"Arkansas, United States",,,,,1866,"Oregon, United States",,,,,
[P564283160],Hubbard,Robert,,,,,male,1800,"Tennessee, United States",,,,,1866-06-28,"Arkansas City, Arkansas, Arkansas, United States",,,,,
[P564422200],Hubbard,Sarah Logan,,,,,female,1827,"Tennessee, United States",,,,,1885,"Benton, Arkansas, United States",,,,,
[P556802683],Hubbard,Susan,,,,,female,1842-02-11,"Benton, Arkansas, United States",,,,,1889-04-07,"Benton, Arkansas, United States",,,,,
[P564422219],Hubbard,Thomas B,,,,,male,1843,"Arkansas City, Arkansas, Arkansas, United States",,,,,1866,"California, United States",,,,,
[P564422190],Hubbert,James,,,,,male,1774-09-12,"North Carolina, United States",,,,,1853-02-02,"Bentonville, Benton, Arkansas, United States",,,,,
[P564743047],Huff,Reuben,,,,,male,1839-01-11,"Sandy, Tuscarawas, Ohio, United States",,,,,1914-08-24,"Noble, Noble, Indiana, United States",,,,,
[P564090390],Huffmaster,Sally,,,,,female,1848-05-00,Tennessee,1900 United States Federal Census,,,,1929-06-05,"Washington, Arkansas, United States",,,,,
[P564102614],James,Phoebe,,,,,female,1790,"Mecklenburg, Virginia, United States",,,,,1850,"Chatham, North Carolina, United States",,,,,
[P564909776],Lanning,Sarah,,,,,female,1798-01-04,"Sussex, Sussex, New Jersey, United States",,,,,1834,,,,,,
[P564831111],Lindow,Maria Margaratha,,,,,female,1744-06-01,,,,,,1784-01-01,,,,,,
[P564743018],Mahaffey,Elizabeth,,,,,female,1773,"Lycoming, Lycoming, Pennsylvania, United States",,,,,1865,,,,,,
[P564422195],McDonald,Elizabeth,,,,,female,1778-07-19,"Benton, Arkansas, United States",,,,,1858-09-30,"Bentonville, Benton, Arkansas, United States",,,,,
[P556802705],McGinley,Amber E,,,,,female,1918-04-23,"Elkhart, Elkhart, Indiana, United States","California Marriage Index, 1960-1985",,,,1988-04-16,"Perris, Riverside, California, United States",Social Security Death Index,,,,
[P564127909],McGinley,Baby Girl,,,,,female,1931,,,,,,1931,,,,,,
[P556802701],McGinley,Baby Girl,,,,,female,1927-02-08,"Hialeah, Florida, USA",,,,,1927-02-08,"Hialeah, Florida, USA",,,,,
[P556802702],McGinley,Cathleen,,,,,female,June 1925,"IN, USA",,,,,1926-09-19,"Hialeah, Dade, Florida, United States",,,,,
[P563968835],McGinley,Cecelia,,,,,female,1874,"Missouri, United States",1880 United States Federal Census,,,,1954-03-20,"St Louis, St Louis, Missouri, United States",,,,,
[P556802698],McGinley,Darlene,,,,,female,,,,,,,,,,,,,
[P556802657],McGinley,Fawn Viola,,,,,female,1917-03-18,"Elkhart, IN, USA",,,,,,,,,,,
[P556802706],McGinley,Frank Charles,,,,,male,25 July 1915,"Elkhart, Elkhart, Indiana, United States",1920 United States Federal Census,,,,12 July 1989,"Redondo Beach, Los Angeles, California, United States",,,,,
[P556802697],McGinley,Jeanie,,,,,female,,,,,,,,,,,,,
[P556802669],McGinley,John,,,,,male,1835,"Dunlewy, 5300, Ireland",,,,,1900,,,,,,
[P556802661],McGinley,Joseph Patrick,,,,,male,1878-05-19,"OK (Indian Territory), USA",,,,,1956-03-03,"Hunington Park, Los Angeles, California, United States",,,,,
[P563968833],McGinley,Ketie,,,,,female,1866,"Missouri, United States",1880 United States Federal Census,,,,,,,,,,
[P556802703],McGinley,Loretta,,,,,female,1923-07-20,"Elkhart, Elkhart, Indiana, United States",,,,,1999-06-08,"Redondo Beach, Los Angeles, California, United States",,,,,
[P563968837],McGinley,Loretta A,,,,,female,1881-01-00,"Missouri, United States",1900 United States Federal Census,,,,1923-05-04,"Harris, Texas, United States",,,,,
[P563968834],McGinley,Maggie,,,,,female,1871,"Missouri, United States",1880 United States Federal Census,,,,,,,,,,
[P563968832],McGinley,Mary,,,,,female,1864,"Missouri, United States",1880 United States Federal Census,,,,,,,,,,
[P556802696],McGinley,Mary Jocine,,,,,female,1935-07-31,"Los Angeles, Los Angeles, California, United States",,,,,2004-06-13,"Highland, San Bernardino, California, United States",,,,,
[P564005184],McGinley,Patrick,,,,,male,1827-03-00,", , , Ireland",,,,,,,,,,,
[P556802699],McGinley,Richard,,,,,male,,,,,,,,,,,,,
[P556802700],McGinley,Sophia,,,,,female,1929,"CA, USA",,,,,1992-04-12,"Lake Elsinore, Riverside, California, United States",,,,,
[P556802704],McGinley,Warren Kenneth,,,,,male,1921-03-21,"Elkhart, Elkhart, Indiana, United States",,,,,2009-10-18,"Las Vegas, Clark, Nevada, United States",,,,,
[P563997295],Mcginley,Ameala,,,,,female,1874-10-00,Missouri,1900 United States Federal Census,,,,,,,,,,
[P563997296],Mcginley,Earnest,,,,,male,1899-07-00,Missouri,1900 United States Federal Census,,,,,,,,,,
[P563997297],Mcginley,Joseph,,,,,male,1899-07-00,Missouri,1900 United States Federal Census,,,,,,,,,,
[P564005185],Mcginley,Peter Joseph,,,,,male,1876-01-00,", , Ohio, USA",,,,,,,,,,,
[P566725906],Menendez,Carmen Rosa,,,,,female,about 1906,"Arequipa, Arequipa, Peru","California Passenger and Crew Lists, 1893-1957",,,,,,,,,,
[P566615820],Menendez,Juan Carlos,,,,,male,,,,,,,,,,,,,
[P556802667],Menendez,Maria Leonor,,,,,female,about 1906,"Arequipa, Arequipa, Peru",1930 United States Federal Census,,,,,"Scottsdale, Maricopa, Arizona, United States",,,,,
[P564402414],Milam,Moses B,,,,,male,1792,"Bedford, Bedford, Virginia, United States",,,,,1865-04-04,"Kanawha City, Kanawha, West Virginia, United States",,,,,
[P564347878],Milan,Mary L,,,,,female,1822,"Kanawha City, Kanawha, West Virginia, United States",1860 United States Federal Census,,,,1888,"Clarke, Iowa, United States",,,,,
[P557684258],Reese,Amasa,,,,,male,1896-04-00,"Indiana, United States",1900 United States Federal Census,,,,,,,,,,
[P557698033],Reese,Amber Viola,,,,,female,1910-07-05,"Elkhart, Elkhart, Indiana, United States",1920 United States Federal Census,,,,1996-02-10,"Eastlake, Indiana, United States",,,,,
[P557698032],Reese,Boyd M,,,,,male,about 1899,Indiana,1920 United States Federal Census,,,,,,,,,,
[P557684260],Reese,Boyd Merle,,,,,male,1897-08-02,"Elkhart, Elkhart, Indiana, United States",1910 United States Federal Census,,,,1976-06-17,"Fort Wayne, Allen, Indiana, United States",,,,,
[P557692980],Reese,Charles,,,,,male,about 1902,Indiana,1910 United States Federal Census,,,,,,,,,,
[P557789599],Reese,Charles Virgil,,,,,male,1902-03-10,"Elkhart, Elkhart, Indiana, United States",1910 United States Federal Census,,,,1947-10-28,"Elkhart, Elkhart, Indiana, United States",,,,,
[P556802672],Reese,Charles W.,,,,,male,1870-12-14,"Noble, Noble, Indiana, United States",,,,,1936-05-04,"Los Angles, California, United States",,,,,
[P556802681],Reese,John H.,,,,,male,,"IN, USA",,,,,,,,,,,
[P557692982],Reese,Kenneth Ezekial H,,,,,male,1906-09-27,"Elkhart, Elkhart, Indiana, United States",1910 United States Federal Census,,,,1984-05-30,"Elkhart, Elkhart, Indiana, United States",,,,,
[P557692985],Reese,Richard C,,,,,male,about 1908,Indiana,1910 United States Federal Census,,,,,,,,,,
[P556802662],Reese,Sophia Lavanda,,,,,female,1894-08-13,"IN, USA",,,,,1954-08-17,"Los Angeles, Los Angeles, California, United States","California Death Index, 1940-1997",,,,
[P564592420],Rhodes,Nancy N,,,,,female,1880,"Anderson, Perry, Indiana, United States",,,,,,,,,,,
[P564347886],Ross,Elizabeth,,,,,female,1861-12-02,"Ft Hamilton, Butler, Ohio, United States",,,,,1942-07-14,,,,,,
[P564384081],Schoolcraft,Sarah,,,,,female,1817-08-27,"West Virginia, United States",,,,,1895,United States,,,,,
[P556802670],Smith,Mary Fawn,,,,,female,1839-05-00,"Dunlewy, 5300, Ireland",,,,,,,,,,,
[P564283163],Whitlock,Elizabeth,,,,,female,1798,"North Carolina, United States",,,,,1853,"Arkansas City, Arkansas, Arkansas, United States",,,,,
[P556802692],Wiggins,Amanda Jean,,,,,female,1987-04-20,"Mesa, AZ, USA",,,,,,,,,,,
[P556802693],Wiggins,Christopher Dean,,,,,male,16 July 1991,"Mesa, AZ, USA",,,,,,,,,,,
[P556802655],Wiggins,Dean Edward,,,,,male,1954-01-30,"Los Angeles, California",,,,,,,,,,,
[P556802658],Wiggins,Dean Edward,,,,,male,1917-09-21,"OK, USA",,,,,1993-12-16,"Redondo Beach, Los Angeles, California, United States of America",,,,,
[P556802654],Wiggins,Jonathan Albert,,,,,male,1982-12-18,"Los Angeles, Torrance, California","California Birth Index, 1905-1995",,,,,,,,,,
[P557598569],Wiggins,Katherine,,,,,female,,"Mesa, AZ, USA",,,,,,,,,,,
[P565133714],Wiggins,Nona,,,,,female,about 1920,,1930 United States Federal Census,,,,,,,,,,
[P556833990],Wiggins,Otis,,,,,male,1918-09-17,"OK, USA",1920 United States Federal Census,,,,,,,,,,
[P556802664],Wiggins,R.A.,,,,,male,about 1891,"OK, USA",,,,,,,,,,,
[P557597539],Wiggins,Stephanie Fawn,,,,,female,,"Mesa, AZ, USA",,,,,,,,,,,
[P556833989],Wiggins,Vada,,,,,female,about 1915,"OK, USA",1920 United States Federal Census,,,,,,,,,,
[P564666068],Wilson,Elizabeth J,,,,,female,1826-11-27,"Ohio, United States",1870 United States Federal Census,,,,1898-11-19,"Noble, Noble, Indiana, United States",,,,,
[P556802659],Winn,Barbara Jean,,,,,female,1933-04-08,"Los Angeles, CA, USA",,,,,1986-01-26,"Los Angeles, California","U.S. Veterans Gravesites, ca.1775-2006",,,,
[P556802666],Winn,Leslie,,,,,male,,"Los Angeles, CA, USA",,,,,,,,,,,

Marriage,Husband,Wife,Date,Place,Source,Note
[F0001],[P556802655],[P556802656],,,,
[F0002],[P556802655],[P557593764],,,,
[F0003],[P556802658],[P556802657],,,,
[F0004],[P556802660],[P556802659],,,,
[F0005],[P556802661],[P556802662],1914,"Elkhart, Elkhart, Indiana, United States",,
[F0006],[P556802661],[P563997295],1898,,,
[F0007],[P556802664],[P556802663],,,,
[F0008],[P556802666],[P556802665],,,,
[F0009],[P556802668],[P556802667],,,,
[F0010],[P556802669],[P556802670],1860-10-31,"St Louis, St Louis, Missouri, United States",1900 United States Federal Census,
[F0011],[P556802672],[P557684257],1893-06-11,"Noble, Noble, Indiana, United States",1900 United States Federal Census,
[F0012],[P556802678],[P556802677],1895-12-24,"Benton County, AR, USA",,
[F0013],[P556802684],[P556802683],1866-12-30,"Benton, Arkansas, United States",,
[F0014],[P556802684],[P564090390],1900-03-02,"Benton, Arkansas, United States",1900 United States Federal Census,
[F0015],[P556802685],[P556802686],1869-12-16,"Caldwell, Missouri, United States",,
[F0016],[P556802685],[P564347886],1881-05-18,,,
[F0017],[P556802688],[P556802687],1842,"of, Tennessee, United States",,
[F0018],[P556802689],[P564102614],,,,
[F0019],[P556802691],[P556802690],,,,
[F0020],[P557043387],[P556802694],,,,
[F0021],[P557053796],[P556802659],,,,
[F0022],[P557087999],[P556802697],,,,
[F0023],[P557090055],[P556802698],,,,
[F0024],[P564005184],[P556802670],,,,
[F0025],[P564208020],[P564208023],1862-05-01,"Noble, Noble, Indiana, United States",1900 United States Federal Census,
[F0026],[P564283160],[P564283163],,,,
[F0027],[P564347862],[P564347878],1844-01-04,"Kanawha City, Kanawha, West Virginia, United States",,
[F0028],[P564384078],[P564384081],,,,
[F0029],[P564402414],[P564402422],,,,
[F0030],[P564422190],[P564422195],,,,
[F0031],[P564592379],[P564592382],1834-08-00,"Sunbury, Northumberland, Pennsylvania, United States",,
[F0032],[P564666066],[P564666068],1844-09-26,"Guernsey, Ohio, United States",,
[F0033],[P564743005],[P564743018],1810,"Lycoming, Lycoming, Pennsylvania, United States",,
[F0034],[P564763053],[P564763061],1809-03-14,"Berks, Pennsylvania, United States",,
[F0035],[P564831108],[P564831111],,,,
[F0036],[P564909771],[P564909776],,,,
[F0037],[P566615820],[P566616192],,,,
[F0038],[P556802681],,,,,
[F0039],[P557053796],,,,,

Family,Child
[F0001],[P556802654]
[F0001],[P556802692]
[F0001],[P556802693]
[F0002],[P557597539]
[F0002],[P557598569]
[F0003],[P556802655]
[F0004],[P556802695]
[F0004],[P556802656]
[F0004],[P556802694]
[F0005],[P556802706]
[F0005],[P556802657]
[F0005],[P556802697]
[F0005],[P556802698]
[F0005],[P556802699]
[F0005],[P556802705]
[F0005],[P556802704]
[F0005],[P556802703]
[F0005],[P556802702]
[F0005],[P556802701]
[F0005],[P556802700]
[F0005],[P564127909]
[F0005],[P556802696]
[F0006],[P563997296]
[F0006],[P563997297]
[F0007],[P556833989]
[F0007],[P556802658]
[F0007],[P556833990]
[F0007],[P565133714]
[F0008],[P556802659]
[F0009],[P556802660]
[F0009],[P556802711]
[F0009],[P556802712]
[F0009],[P566693267]
[F0010],[P563968832]
[F0010],[P563968833]
[F0010],[P563968834]
[F0010],[P563968835]
[F0010],[P556802661]
[F0010],[P563968837]
[F0011],[P556802662]
[F0011],[P557684258]
[F0011],[P557684260]
[F0011],[P557789599]
[F0011],[P557692982]
[F0011],[P557692985]
[F0011],[P557698033]
[F0012],[P564034485]
[F0012],[P564034486]
[F0012],[P564034488]
[F0012],[P564034490]
[F0012],[P556802665]
[F0012],[P564060443]
[F0013],[P564090386]
[F0013],[P556802677]
[F0013],[P564090388]
[F0015],[P556802678]
[F0015],[P564056711]
[F0015],[P564056713]
[F0015],[P564056714]
[F0015],[P564056717]
[F0016],[P564347889]
[F0016],[P564347891]
[F0017],[P564102618]
[F0017],[P564102622]
[F0017],[P564102625]
[F0017],[P556802684]
[F0017],[P564102627]
[F0017],[P564102631]
[F0018],[P556802688]
[F0019],[P556802689]
[F0020],[P557044147]
[F0020],[P557044696]
[F0024],[P564005185]
[F0025],[P564592392]
[F0025],[P564209658]
[F0025],[P564592404]
[F0025],[P564209661]
[F0025],[P564209666]
[F0025],[P564592410]
[F0025],[P557684257]
[F0025],[P564592416]
[F0025],[P564209668]
[F0025],[P564592420]
[F0025],[P564592426]
[F0025],[P564551325]
[F0025],[P564592438]
[F0026],[P564422197]
[F0026],[P564422200]
[F0026],[P564422202]
[F0026],[P564422206]
[F0026],[P564422210]
[F0026],[P564422216]
[F0026],[P556802683]
[F0026],[P564422219]
[F0026],[P564422221]
[F0027],[P564384089]
[F0027],[P556802685]
[F0027],[P564384095]
[F0027],[P564384099]
[F0027],[P564384101]
[F0027],[P564384108]
[F0027],[P564384111]
[F0028],[P564347862]
[F0029],[P564347878]
[F0030],[P564283160]
[F0031],[P564743030]
[F0031],[P564743033]
[F0031],[P564208020]
[F0031],[P564743047]
[F0031],[P564743049]
[F0031],[P564743051]
[F0031],[P564743053]
[F0031],[P564743056]
[F0031],[P564743062]
[F0031],[P564743065]
[F0031],[P564743068]
[F0031],[P564743074]
[F0031],[P564743077]
[F0031],[P564743083]
[F0031],[P564743090]
[F0031],[P564743094]
[F0031],[P564690257]
[F0032],[P564208023]
[F0032],[P564909806]
[F0032],[P564909811]
[F0032],[P564909814]
[F0032],[P564909819]
[F0032],[P564909821]
[F0032],[P564909824]
[F0032],[P564909832]
[F0032],[P564909839]
[F0032],[P564909857]
[F0032],[P564909864]
[F0032],[P564909868]
[F0032],[P564909870]
[F0032],[P564909873]
[F0033],[P564592379]
[F0034],[P564825918]
[F0034],[P564592382]
[F0034],[P564825933]
[F0034],[P564825941]
[F0034],[P564825944]
[F0034],[P564825946]
[F0034],[P564825950]
[F0034],[P564825960]
[F0035],[P564763061]
[F0036],[P564666066]
[F0037],[P556802667]
[F0037],[P566725906]
[F0038],[P556802672]
[F0039],[P566774066]
[F0039],[P566774445]

